company_name,ticker,is_etf
알테오젠,196170.KQ,False
에코프로비엠,247540.KQ,False
HLB,028300.KQ,False
에코프로,086520.KQ,False
레인보우로보틱스,277810.KQ,False
삼천당제약,000250.KQ,False
리가켐바이오,141080.KQ,False
휴젤,145020.KQ,False
클래시스,214150.KQ,False
리노공업,058470.KQ,False
파마리서치,214450.KQ,False
JYP Ent.,035900.KQ,False
코오롱티슈진,950160.KQ,False
엔켐,348370.KQ,False
HPSP,403870.KQ,False
에스엠,041510.KQ,False
셀트리온제약,068760.KQ,False
펩트론,087010.KQ,False
펄어비스,263750.KQ,False
신성델타테크,065350.KQ,False
실리콘투,257720.KQ,False
보로노이,310210.KQ,False
에이비엘바이오,298380.KQ,False
이오테크닉스,039030.KQ,False
루닛,328130.KQ,False
주성엔지니어링,036930.KQ,False
테크윙,089030.KQ,False
대주전자재료,078600.KQ,False
에스티팜,237690.KQ,False
ISC,095340.KQ,False
솔브레인,357780.KQ,False
파크시스템스,140860.KQ,False
스튜디오드래곤,253450.KQ,False
케어젠,214370.KQ,False
동진쎄미켐,005290.KQ,False
제이앤티씨,204270.KQ,False
카카오게임즈,293490.KQ,False
서진시스템,178320.KQ,False
CJ ENM,035760.KQ,False
브이티,018290.KQ,False
위메이드,112040.KQ,False
원익IPS,240810.KQ,False
레이크머티리얼즈,281740.KQ,False
카페24,042000.KQ,False
HLB생명과학,067630.KQ,False
젬백스,082270.KQ,False
고영,098460.KQ,False
씨젠,096530.KQ,False
SOOP,067160.KQ,False
네이처셀,007390.KQ,False
피엔티,137400.KQ,False
와이지엔터테인먼트,122870.KQ,False
HK이노엔,195940.KQ,False
디어유,376300.KQ,False
하이젠알앤엠,160190.KQ,False
유진테크,084370.KQ,False
필옵틱스,161580.KQ,False
와이씨,232140.KQ,False
오스코텍,039200.KQ,False
티씨케이,064760.KQ,False
피에스케이홀딩스,031980.KQ,False
넥슨게임즈,225570.KQ,False
메디톡스,086900.KQ,False
국일제지,078130.KQ,False
나노신소재,121600.KQ,False
태성,323280.KQ,False
엠로,058970.KQ,False
안랩,053800.KQ,False
LS머트리얼즈,417200.KQ,False
HLB제약,047920.KQ,False
메지온,140410.KQ,False
파두,440110.KQ,False
HLB테라퓨틱스,115450.KQ,False
유일로보틱스,388720.KQ,False
덕산네오룩스,213420.KQ,False
올릭스,226950.KQ,False
솔브레인홀딩스,036830.KQ,False
하나마이크론,067310.KQ,False
덕산테코피아,317330.KQ,False
중앙첨단소재,051980.KQ,False
에스에프에이,056190.KQ,False
성광벤드,014620.KQ,False
위메이드맥스,101730.KQ,False
동국제약,086450.KQ,False
오름테라퓨틱,475830.KQ,False
에스앤에스텍,101490.KQ,False
에코프로에이치엔,383310.KQ,False
차바이오텍,085660.KQ,False
하나머티리얼즈,166090.KQ,False
동화기업,025900.KQ,False
지아이이노베이션,358570.KQ,False
제룡전기,033100.KQ,False
씨아이에스,222080.KQ,False
비에이치아이,083650.KQ,False
두산테스나,131970.KQ,False
에스피지,058610.KQ,False
현대힘스,460930.KQ,False
동성화인텍,033500.KQ,False
티앤엘,340570.KQ,False
피에스케이,319660.KQ,False
하림지주,003380.KQ,False
가온칩스,399720.KQ,False
심텍,222800.KQ,False
포스코엠텍,009520.KQ,False
비츠로셀,082920.KQ,False
컴투스,078340.KQ,False
디앤디파마텍,347850.KQ,False
바이넥스,053030.KQ,False
SFA반도체,036540.KQ,False
제주반도체,080220.KQ,False
쎄트렉아이,099320.KQ,False
태광,023160.KQ,False
넥스틴,348210.KQ,False
이녹스첨단소재,272290.KQ,False
LS마린솔루션,060370.KQ,False
원익QnC,074600.KQ,False
원텍,336570.KQ,False
우리기술투자,041190.KQ,False
퓨쳐켐,220100.KQ,False
한글과컴퓨터,030520.KQ,False
티에스이,131290.KQ,False
아난티,025980.KQ,False
펌텍코리아,251970.KQ,False
네오셈,253590.KQ,False
엘앤씨바이오,290650.KQ,False
현대바이오,048410.KQ,False
에코앤드림,101360.KQ,False
시노펙스,025320.KQ,False
에스티큐브,052020.KQ,False
코스메카코리아,241710.KQ,False
성일하이텍,365340.KQ,False
에프에스티,036810.KQ,False
코미코,183300.KQ,False
비올,335890.KQ,False
제우스,079370.KQ,False
웹젠,069080.KQ,False
RFHIC,218410.KQ,False
현대무벡스,319400.KQ,False
아이센스,099190.KQ,False
쏠리드,050890.KQ,False
메가스터디교육,215200.KQ,False
선익시스템,171090.KQ,False
아이쓰리시스템,214430.KQ,False
네오위즈,095660.KQ,False
큐로셀,372320.KQ,False
휴온스글로벌,084110.KQ,False
테스,095610.KQ,False
지노믹트리,228760.KQ,False
로보티즈,108490.KQ,False
휴메딕스,200670.KQ,False
제이오,418550.KQ,False
넥스트바이오메디컬,389650.KQ,False
엔젤로보틱스,455900.KQ,False
코엔텍,029960.KQ,False
파트론,091700.KQ,False
성우하이텍,015750.KQ,False
다원시스,068240.KQ,False
유바이오로직스,206650.KQ,False
HLB이노베이션,024850.KQ,False
피아이이,452450.KQ,False
바이오다인,314930.KQ,False
서울반도체,046890.KQ,False
데브시스터즈,194480.KQ,False
바이오플러스,099430.KQ,False
다우데이타,032190.KQ,False
씨메스,475400.KQ,False
클로봇,466100.KQ,False
천보,278280.KQ,False
바이오니아,064550.KQ,False
에이프릴바이오,397030.KQ,False
인텔리안테크,189300.KQ,False
삼현,437730.KQ,False
한국기업평가,034950.KQ,False
셀바스AI,108860.KQ,False
아이패밀리에스씨,114840.KQ,False
칩스앤미디어,094360.KQ,False
기가비스,420770.KQ,False
에이직랜드,445090.KQ,False
동신건설,025950.KQ,False
유티아이,179900.KQ,False
큐렉소,060280.KQ,False
동운아나텍,094170.KQ,False
코나아이,052400.KQ,False
켐트로닉스,089010.KQ,False
콜마비앤에이치,200130.KQ,False
골프존,215000.KQ,False
씨앤씨인터내셔널,352480.KQ,False
더블유씨피,393890.KQ,False
GST,083450.KQ,False
케이아이엔엑스,093320.KQ,False
지씨셀,144510.KQ,False
비보존 제약,082800.KQ,False
바디텍메드,206640.KQ,False
서부T&D,006730.KQ,False
오픈엣지테크놀로지,394280.KQ,False
이엠텍,091120.KQ,False
서희건설,035890.KQ,False
신성에스티,416180.KQ,False
에스티아이,039440.KQ,False
툴젠,199800.KQ,False
이엔에프테크놀로지,102710.KQ,False
클리오,237880.KQ,False
뷰노,338220.KQ,False
케이엠더블유,032500.KQ,False
인바디,041830.KQ,False
우리기술,032820.KQ,False
필에너지,378340.KQ,False
뉴로메카,348340.KQ,False
인탑스,049070.KQ,False
프레스티지바이오로직스,334970.KQ,False
하이록코리아,013030.KQ,False
윤성에프앤씨,372170.KQ,False
신라젠,215600.KQ,False
삼표시멘트,038500.KQ,False
에이치브이엠,295310.KQ,False
듀켐바이오,176750.KQ,False
인화정공,101930.KQ,False
솔트룩스,304100.KQ,False
NHN KCP,060250.KQ,False
유진로봇,056080.KQ,False
원익홀딩스,030530.KQ,False
폴라리스오피스,041020.KQ,False
인터로조,119610.KQ,False
디아이티,110990.KQ,False
감성코퍼레이션,036620.KQ,False
메디포스트,078160.KQ,False
GRT,900290.KQ,False
아스트,067390.KQ,False
하림,136480.KQ,False
엣지파운드리,105550.KQ,False
코오롱생명과학,102940.KQ,False
한양이엔지,045100.KQ,False
아스테라시스,450950.KQ,False
월덱스,101160.KQ,False
마녀공장,439090.KQ,False
미코,059090.KQ,False
바텍,043150.KQ,False
휴온스,243070.KQ,False
세경하이테크,148150.KQ,False
토비스,051360.KQ,False
프로텍,053610.KQ,False
SG,255220.KQ,False
휴림로봇,090710.KQ,False
샘씨엔에스,252990.KQ,False
아이티엠반도체,084850.KQ,False
아주IB투자,027360.KQ,False
삼목에스폼,018310.KQ,False
갤럭시아머니트리,094480.KQ,False
코미팜,041960.KQ,False
한국비엔씨,256840.KQ,False
에코마케팅,230360.KQ,False
인카금융서비스,211050.KQ,False
에치에프알,230240.KQ,False
넵튠,217270.KQ,False
예스티,122640.KQ,False
글로벌텍스프리,204620.KQ,False
한국정보통신,025770.KQ,False
탑머티리얼,360070.KQ,False
코난테크놀로지,402030.KQ,False
에스바이오메딕스,304360.KQ,False
하이비젼시스템,126700.KQ,False
슈어소프트테크,298830.KQ,False
원익머트리얼즈,104830.KQ,False
엠아이텍,179290.KQ,False
자람테크놀로지,389020.KQ,False
에이스침대,003800.KQ,False
유니테스트,086390.KQ,False
미래나노텍,095500.KQ,False
석경에이티,357550.KQ,False
AP시스템,265520.KQ,False
미래에셋벤처투자,100790.KQ,False
로체시스템즈,071280.KQ,False
에스에이엠티,031330.KQ,False
이스트소프트,047560.KQ,False
매일유업,267980.KQ,False
에이디테크놀로지,200710.KQ,False
지엔씨에너지,119850.KQ,False
CMG제약,058820.KQ,False
KG에코솔루션,151860.KQ,False
모트렉스,118990.KQ,False
제이브이엠,054950.KQ,False
JTC,950170.KQ,False
로보스타,090360.KQ,False
태웅,044490.KQ,False
성우,458650.KQ,False
동방메디컬,240550.KQ,False
모티브링크,463480.KQ,False
유진기업,023410.KQ,False
에이텍,045660.KQ,False
상아프론테크,089980.KQ,False
비덴트,121800.KQ,False
인선이엔티,060150.KQ,False
삼양엔씨켐,482630.KQ,False
아바코,083930.KQ,False
디오,039840.KQ,False
엑스게이트,356680.KQ,False
텔레칩스,054450.KQ,False
브릿지바이오테라퓨틱스,288330.KQ,False
CJ프레시웨이,051500.KQ,False
인트로메딕,150840.KQ,False
HB테크놀러지,078150.KQ,False
와이씨켐,112290.KQ,False
우주일렉트로,065680.KQ,False
큐리옥스바이오시스템즈,445680.KQ,False
강원에너지,114190.KQ,False
인터플렉스,051370.KQ,False
셀리버리,268600.KQ,False
아나패스,123860.KQ,False
KG이니시스,035600.KQ,False
한중엔시에스,107640.KQ,False
이트론,096040.KQ,False
제일일렉트릭,199820.KQ,False
LB세미콘,061970.KQ,False
시너지이노베이션,048870.KQ,False
노머스,473980.KQ,False
동국산업,005160.KQ,False
레드캡투어,038390.KQ,False
오리엔탈정공,014940.KQ,False
에스피소프트,443670.KQ,False
토모큐브,475960.KQ,False
위지윅스튜디오,299900.KQ,False
KH바텍,060720.KQ,False
스마트레이더시스템,424960.KQ,False
펨트론,168360.KQ,False
제테마,216080.KQ,False
오로스테크놀로지,322310.KQ,False
파멥신,208340.KQ,False
큐브엔터,182360.KQ,False
한솔아이원스,114810.KQ,False
에스오에스랩,464080.KQ,False
어보브반도체,102120.KQ,False
대아티아이,045390.KQ,False
디앤씨미디어,263720.KQ,False
앱클론,174900.KQ,False
폴라리스AI,039980.KQ,False
바이오솔루션,086820.KQ,False
동국생명과학,303810.KQ,False
리파인,377450.KQ,False
HB솔루션,297890.KQ,False
LS증권,078020.KQ,False
제이엘케이,322510.KQ,False
퀄리타스반도체,432720.KQ,False
에브리봇,270660.KQ,False
이엔셀,456070.KQ,False
가비아,079940.KQ,False
뉴파워프라즈마,144960.KQ,False
뷰웍스,100120.KQ,False
피에이치에이,043370.KQ,False
유니셈,036200.KQ,False
브이엠,089970.KQ,False
오상헬스케어,036220.KQ,False
압타바이오,293780.KQ,False
에스와이스틸텍,365330.KQ,False
진성티이씨,036890.KQ,False
푸른소나무,057880.KQ,False
티에프이,425420.KQ,False
박셀바이오,323990.KQ,False
휴마시스,205470.KQ,False
파인엠텍,441270.KQ,False
티엘비,356860.KQ,False
파이버프로,368770.KQ,False
비츠로테크,042370.KQ,False
다날,064260.KQ,False
사람인,143240.KQ,False
루미르,474170.KQ,False
SAMG엔터,419530.KQ,False
쇼박스,086980.KQ,False
동원개발,013120.KQ,False
미래컴퍼니,049950.KQ,False
대명에너지,389260.KQ,False
덕산하이메탈,077360.KQ,False
HLB바이오스텝,278650.KQ,False
AP위성,211270.KQ,False
디지털대성,068930.KQ,False
케이프,064820.KQ,False
쿠콘,294570.KQ,False
에코아이,448280.KQ,False
브랜드엑스코퍼레이션,337930.KQ,False
한국정보인증,053300.KQ,False
엑세스바이오,950130.KQ,False
나무가,190510.KQ,False
에스와이,109610.KQ,False
대화제약,067080.KQ,False
제닉,123330.KQ,False
아미코젠,092040.KQ,False
해성산업,034810.KQ,False
셀비온,308430.KQ,False
제넥신,095700.KQ,False
덱스터,206560.KQ,False
풍원정밀,371950.KQ,False
네패스,033640.KQ,False
에이럭스,475580.KQ,False
앱트뉴로사이언스,270520.KQ,False
이화전기,024810.KQ,False
신흥에스이씨,243840.KQ,False
액션스퀘어,205500.KQ,False
퓨런티어,370090.KQ,False
티이엠씨,425040.KQ,False
노바텍,285490.KQ,False
아이에스티이,212710.KQ,False
파워로직스,047310.KQ,False
쓰리빌리언,394800.KQ,False
티로보틱스,117730.KQ,False
엠케이전자,033160.KQ,False
모두투어,080160.KQ,False
큐리언트,115180.KQ,False
슈프리마,236200.KQ,False
마이크로디지탈,305090.KQ,False
하나기술,299030.KQ,False
네오팜,092730.KQ,False
랩지노믹스,084650.KQ,False
미래반도체,254490.KQ,False
탑런토탈솔루션,336680.KQ,False
엠에스오토텍,123040.KQ,False
BGF에코머티리얼즈,126600.KQ,False
우진엔텍,457550.KQ,False
오리엔트정공,065500.KQ,False
켄코아에어로스페이스,274090.KQ,False
현대사료,016790.KQ,False
이노스페이스,462350.KQ,False
유비케어,032620.KQ,False
멀티캠퍼스,067280.KQ,False
케이티알파,036030.KQ,False
폰드그룹,472850.KQ,False
씨어스테크놀로지,458870.KQ,False
대동기어,008830.KQ,False
한국알콜,017890.KQ,False
아가방컴퍼니,013990.KQ,False
드림시큐리티,203650.KQ,False
영풍정밀,036560.KQ,False
케이엔솔,053080.KQ,False
톱텍,108230.KQ,False
와이즈넛,096250.KQ,False
안트로젠,065660.KQ,False
코윈테크,282880.KQ,False
넥스트칩,396270.KQ,False
피노,033790.KQ,False
엘오티베큠,083310.KQ,False
원준,382840.KQ,False
이지홀딩스,035810.KQ,False
아이스크림미디어,461300.KQ,False
에이비온,203400.KQ,False
케이에스피,073010.KQ,False
인텍플러스,064290.KQ,False
와이지-원,019210.KQ,False
경동제약,011040.KQ,False
와이팜,332570.KQ,False
유비쿼스홀딩스,078070.KQ,False
엑시콘,092870.KQ,False
이수앱지스,086890.KQ,False
알멕,354320.KQ,False
와이엠티,251370.KQ,False
흥구석유,024060.KQ,False
그래디언트,035080.KQ,False
CG인바이츠,083790.KQ,False
케이피에스,256940.KQ,False
한국파마,032300.KQ,False
잉글우드랩,950140.KQ,False
컴투스홀딩스,063080.KQ,False
모다이노칩,080420.KQ,False
한국캐피탈,023760.KQ,False
아티스트유나이티드,321820.KQ,False
국전약품,307750.KQ,False
에이스테크,088800.KQ,False
큐알티,405100.KQ,False
컨텍,451760.KQ,False
아이디스,143160.KQ,False
에스앤디,260970.KQ,False
나이스정보통신,036800.KQ,False
나이벡,138610.KQ,False
엔케이맥스,182400.KQ,False
현대에버다임,041440.KQ,False
씨티씨바이오,060590.KQ,False
KG모빌리언스,046440.KQ,False
마크로젠,038290.KQ,False
한양디지텍,078350.KQ,False
아이엠비디엑스,461030.KQ,False
씨에스베어링,297090.KQ,False
이노와이어리스,073490.KQ,False
딥노이드,315640.KQ,False
이지바이오,353810.KQ,False
서울바이오시스,092190.KQ,False
보광산업,225530.KQ,False
한국전자금융,063570.KQ,False
이랜시스,264850.KQ,False
와이솔,122990.KQ,False
디케이티,290550.KQ,False
크레버스,096240.KQ,False
온코닉테라퓨틱스,476060.KQ,False
알에스오토메이션,140670.KQ,False
라이프시맨틱스,347700.KQ,False
아톤,158430.KQ,False
씨앤지하이테크,264660.KQ,False
녹십자웰빙,234690.KQ,False
나스미디어,089600.KQ,False
네패스아크,330860.KQ,False
비나텍,126340.KQ,False
매커스,093520.KQ,False
인벤티지랩,389470.KQ,False
지투파워,388050.KQ,False
KX,122450.KQ,False
동양이엔피,079960.KQ,False
이크레더블,092130.KQ,False
대양전기공업,108380.KQ,False
디알텍,214680.KQ,False
엑셈,205100.KQ,False
하이텍팜,106190.KQ,False
양지사,030960.KQ,False
알서포트,131370.KQ,False
노바렉스,194700.KQ,False
와이제이링크,209640.KQ,False
대한약품,023910.KQ,False
오스테오닉,226400.KQ,False
제일엠앤에스,412540.KQ,False
헥토이노베이션,214180.KQ,False
골프존뉴딘홀딩스,121440.KQ,False
DMS,068790.KQ,False
금화피에스시,036190.KQ,False
디와이피엔에프,104460.KQ,False
온코크로스,382150.KQ,False
라파스,214260.KQ,False
디이엔티,079810.KQ,False
자이언트스텝,289220.KQ,False
네오위즈홀딩스,042420.KQ,False
티에스아이,277880.KQ,False
비씨엔씨,146320.KQ,False
나노팀,417010.KQ,False
포니링크,064800.KQ,False
대봉엘에스,078140.KQ,False
한일사료,005860.KQ,False
한라IMS,092460.KQ,False
휴센텍,215090.KQ,False
레뷰코퍼레이션,443250.KQ,False
삼지전자,037460.KQ,False
인트론바이오,048530.KQ,False
코세스,089890.KQ,False
다산네트웍스,039560.KQ,False
제닉스,381620.KQ,False
슈피겐코리아,192440.KQ,False
스맥,099440.KQ,False
마음AI,377480.KQ,False
SM C&C,048550.KQ,False
보성파워텍,006910.KQ,False
코다코,046070.KQ,False
케이씨에스,115500.KQ,False
더네이쳐홀딩스,298540.KQ,False
테고사이언스,191420.KQ,False
아바텍,149950.KQ,False
에스비비테크,389500.KQ,False
워트,396470.KQ,False
아이티센,124500.KQ,False
현대바이오랜드,052260.KQ,False
동구바이오제약,006620.KQ,False
엘앤케이바이오,156100.KQ,False
이엠코리아,095190.KQ,False
원익피앤이,217820.KQ,False
일진파워,094820.KQ,False
고려신용정보,049720.KQ,False
코텍,052330.KQ,False
티케이케미칼,104480.KQ,False
헥토파이낸셜,234340.KQ,False
디엔에프,092070.KQ,False
동국S&C,100130.KQ,False
그리드위즈,453450.KQ,False
오성첨단소재,052420.KQ,False
에이치엔에스하이텍,044990.KQ,False
사피엔반도체,452430.KQ,False
팜스토리,027710.KQ,False
소룩스,290690.KQ,False
제노코,361390.KQ,False
DSC인베스트먼트,241520.KQ,False
한빛레이저,452190.KQ,False
일승,333430.KQ,False
선진뷰티사이언스,086710.KQ,False
도이치모터스,067990.KQ,False
드림어스컴퍼니,060570.KQ,False
뉴프렉스,085670.KQ,False
아티스트스튜디오,200350.KQ,False
유니슨,018000.KQ,False
웹케시,053580.KQ,False
웨이비스,289930.KQ,False
케이엔제이,272110.KQ,False
광무,029480.KQ,False
윈스,136540.KQ,False
그린리소스,402490.KQ,False
지어소프트,051160.KQ,False
시스웍,269620.KQ,False
샌즈랩,411080.KQ,False
초록뱀미디어,047820.KQ,False
삼보판지,023600.KQ,False
YTN,040300.KQ,False
디엔에이링크,127120.KQ,False
아이텍,119830.KQ,False
우리바이오,082850.KQ,False
국보디자인,066620.KQ,False
HLB파나진,046210.KQ,False
오이솔루션,138080.KQ,False
쎌바이오텍,049960.KQ,False
밀리의서재,418470.KQ,False
레이,228670.KQ,False
나인테크,267320.KQ,False
애니플러스,310200.KQ,False
CJ 바이오사이언스,311690.KQ,False
범한퓨얼셀,382900.KQ,False
메가스터디,072870.KQ,False
에스텍,069510.KQ,False
코어라인소프트,384470.KQ,False
매일홀딩스,005990.KQ,False
제룡산업,147830.KQ,False
셀바스헬스케어,208370.KQ,False
라온테크,232680.KQ,False
한선엔지니어링,452280.KQ,False
지앤비에스 에코,382800.KQ,False
부방,014470.KQ,False
엔바이오니아,317870.KQ,False
이브이첨단소재,131400.KQ,False
대보마그네틱,290670.KQ,False
하이로닉,149980.KQ,False
와이엠텍,273640.KQ,False
한국경제TV,039340.KQ,False
새로닉스,042600.KQ,False
코리아에프티,123410.KQ,False
이지케어텍,099750.KQ,False
블루엠텍,439580.KQ,False
켐트로스,220260.KQ,False
크리스탈신소재,900250.KQ,False
코아스템켐온,166480.KQ,False
HLB제넥스,187420.KQ,False
지니뮤직,043610.KQ,False
푸른저축은행,007330.KQ,False
경남스틸,039240.KQ,False
차이커뮤니케이션,351870.KQ,False
케이알엠,093640.KQ,False
오파스넷,173130.KQ,False
M83,476080.KQ,False
티라유텍,322180.KQ,False
싸이맥스,160980.KQ,False
제로투세븐,159580.KQ,False
SBI인베스트먼트,019550.KQ,False
아이씨티케이,456010.KQ,False
에이치이엠파마,376270.KQ,False
현대이지웰,090850.KQ,False
서울옥션,063170.KQ,False
청담글로벌,362320.KQ,False
대원산업,005710.KQ,False
APS,054620.KQ,False
바이오에프디엔씨,251120.KQ,False
퓨처코어,151910.KQ,False
코웰패션,033290.KQ,False
농우바이오,054050.KQ,False
휴먼테크놀로지,175140.KQ,False
빅텍,065450.KQ,False
라온시큐어,042510.KQ,False
특수건설,026150.KQ,False
네온테크,306620.KQ,False
플리토,300080.KQ,False
큐라클,365270.KQ,False
에이팩트,200470.KQ,False
우수AMS,066590.KQ,False
제이아이테크,417500.KQ,False
이랜텍,054210.KQ,False
네오이뮨텍,950220.KQ,False
제이스코홀딩스,023440.KQ,False
SBI핀테크솔루션즈,950110.KQ,False
트루엔,417790.KQ,False
메드팩토,235980.KQ,False
LK삼양,225190.KQ,False
와이엔텍,067900.KQ,False
서호전기,065710.KQ,False
강스템바이오텍,217730.KQ,False
신테카바이오,226330.KQ,False
금양그린파워,282720.KQ,False
크리스에프앤씨,110790.KQ,False
알에프텍,061040.KQ,False
나노엔텍,039860.KQ,False
풍국주정,023900.KQ,False
조이시티,067000.KQ,False
노을,376930.KQ,False
플래스크,041590.KQ,False
인포바인,115310.KQ,False
나우IB,293580.KQ,False
엔에스이엔엠,078860.KQ,False
아모그린텍,125210.KQ,False
와이바이오로직스,338840.KQ,False
MDS테크,086960.KQ,False
진로발효,018120.KQ,False
태웅로직스,124560.KQ,False
대원미디어,048910.KQ,False
케이엔알시스템,199430.KQ,False
제이씨현시스템,033320.KQ,False
아이씨디,040910.KQ,False
에이치피오,357230.KQ,False
솔본,035610.KQ,False
레이언스,228850.KQ,False
한국첨단소재,062970.KQ,False
한스바이오메드,042520.KQ,False
상신이디피,091580.KQ,False
예스24,053280.KQ,False
코칩,126730.KQ,False
엔지켐생명과학,183490.KQ,False
티쓰리,204610.KQ,False
헬릭스미스,084990.KQ,False
에이엘티,172670.KQ,False
에스트래픽,234300.KQ,False
유비쿼스,264450.KQ,False
퓨릿,445180.KQ,False
수산아이앤티,050960.KQ,False
꿈비,407400.KQ,False
에코플라스틱,038110.KQ,False
대명소노시즌,007720.KQ,False
노브랜드,145170.KQ,False
유니트론텍,142210.KQ,False
율호,072770.KQ,False
오킨스전자,080580.KQ,False
세운메디칼,100700.KQ,False
고스트스튜디오,950190.KQ,False
에어레인,163280.KQ,False
엠에스씨,009780.KQ,False
세보엠이씨,011560.KQ,False
홈센타홀딩스,060560.KQ,False
파로스아이바이오,388870.KQ,False
인피니트헬스케어,071200.KQ,False
옵투스제약,131030.KQ,False
리메드,302550.KQ,False
팅크웨어,084730.KQ,False
에이에스텍,453860.KQ,False
파세코,037070.KQ,False
세코닉스,053450.KQ,False
피앤에스미캐닉스,460940.KQ,False
코아시아,045970.KQ,False
모베이스전자,012860.KQ,False
에이텍모빌리티,224110.KQ,False
엔젯,419080.KQ,False
KNN,058400.KQ,False
리드코프,012700.KQ,False
에이티넘인베스트,021080.KQ,False
위닉스,044340.KQ,False
공구우먼,366030.KQ,False
야스,255440.KQ,False
아진산업,013310.KQ,False
엠벤처투자,019590.KQ,False
삼아제약,009300.KQ,False
아이비김영,339950.KQ,False
LB인베스트먼트,309960.KQ,False
선광,003100.KQ,False
스튜디오미르,408900.KQ,False
서플러스글로벌,140070.KQ,False
에이비프로바이오,195990.KQ,False
지오엘리먼트,311320.KQ,False
샤페론,378800.KQ,False
지니언스,263860.KQ,False
메카로,241770.KQ,False
메타바이오메드,059210.KQ,False
남화산업,111710.KQ,False
엠게임,058630.KQ,False
엘티씨,170920.KQ,False
시지메드텍,056090.KQ,False
3S,060310.KQ,False
테라젠이텍스,066700.KQ,False
에스피시스템스,317830.KQ,False
대성창투,027830.KQ,False
신스틸,162300.KQ,False
덴티스,261200.KQ,False
삼보모터스,053700.KQ,False
코츠테크놀로지,448710.KQ,False
토마토시스템,393210.KQ,False
대한뉴팜,054670.KQ,False
한송네오텍,226440.KQ,False
서원인텍,093920.KQ,False
엠플러스,259630.KQ,False
위츠,459100.KQ,False
새빗켐,107600.KQ,False
민테크,452200.KQ,False
케이엔에스,432470.KQ,False
삼기이브이,419050.KQ,False
버킷스튜디오,066410.KQ,False
아이디스홀딩스,054800.KQ,False
디에스케이,109740.KQ,False
인크레더블버즈,064090.KQ,False
수성웹툰,084180.KQ,False
싸이토젠,217330.KQ,False
화일약품,061250.KQ,False
와이랩,432430.KQ,False
유비벨록스,089850.KQ,False
삐아,451250.KQ,False
코리아나,027050.KQ,False
하이드로리튬,101670.KQ,False
아이에이,038880.KQ,False
고바이오랩,348150.KQ,False
AP헬스케어,109960.KQ,False
디티앤씨알오,383930.KQ,False
수젠텍,253840.KQ,False
에프엔에스테크,083500.KQ,False
베뉴지,019010.KQ,False
중앙백신,072020.KQ,False
라온피플,300120.KQ,False
에스엠코어,007820.KQ,False
인크로스,216050.KQ,False
엠투아이,347890.KQ,False
빅솔론,093190.KQ,False
셀리드,299660.KQ,False
아모텍,052710.KQ,False
휴비츠,065510.KQ,False
한국선재,025550.KQ,False
케이옥션,102370.KQ,False
대정화금,120240.KQ,False
인성정보,033230.KQ,False
코메론,049430.KQ,False
엔시스,333620.KQ,False
엔브이에이치코리아,067570.KQ,False
키이스트,054780.KQ,False
링네트,042500.KQ,False
유아이엘,049520.KQ,False
중앙에너비스,000440.KQ,False
비아트론,141000.KQ,False
엘컴텍,037950.KQ,False
미스터블루,207760.KQ,False
셀루메드,049180.KQ,False
하이딥,365590.KQ,False
메쎄이상,408920.KQ,False
오리콤,010470.KQ,False
메디아나,041920.KQ,False
라온텍,418420.KQ,False
우리산업,215360.KQ,False
지에스이,053050.KQ,False
데이원컴퍼니,373160.KQ,False
우리손에프앤지,073560.KQ,False
광림,014200.KQ,False
폴라리스AI파마,041910.KQ,False
씨티케이,260930.KQ,False
유일에너테크,340930.KQ,False
에이스토리,241840.KQ,False
지놈앤컴퍼니,314130.KQ,False
위지트,036090.KQ,False
스톰테크,352090.KQ,False
유라테크,048430.KQ,False
케이피에프,024880.KQ,False
크레오에스지,040350.KQ,False
모비스,250060.KQ,False
동아화성,041930.KQ,False
인스피언,465480.KQ,False
정상제이엘에스,040420.KQ,False
쓰리에이로직스,177900.KQ,False
엔피,291230.KQ,False
위메이드플레이,123420.KQ,False
화성밸브,039610.KQ,False
피제이전자,006140.KQ,False
로보로보,215100.KQ,False
레이저옵텍,199550.KQ,False
제이스텍,090470.KQ,False
알비더블유,361570.KQ,False
알티캐스트,085810.KQ,False
이닉스,452400.KQ,False
세명전기,017510.KQ,False
KCC건설,021320.KQ,False
오픈놀,440320.KQ,False
한컴위드,054920.KQ,False
다보링크,340360.KQ,False
퀀타매트릭스,317690.KQ,False
라이콤,388790.KQ,False
한켐,457370.KQ,False
액토즈소프트,052790.KQ,False
안국약품,001540.KQ,False
세종텔레콤,036630.KQ,False
제이엔케이글로벌,126880.KQ,False
제너셈,217190.KQ,False
국순당,043650.KQ,False
iMBC,052220.KQ,False
위더스제약,330350.KQ,False
지아이텍,382480.KQ,False
티움바이오,321550.KQ,False
큐에스아이,066310.KQ,False
에스넷,038680.KQ,False
네오크레마,311390.KQ,False
원익,032940.KQ,False
이건홀딩스,039020.KQ,False
컴퍼니케이,307930.KQ,False
아이엠티,451220.KQ,False
이녹스,088390.KQ,False
블랙야크아이앤씨,478560.KQ,False
제이씨케미칼,137950.KQ,False
사이냅소프트,466410.KQ,False
타이거일렉,219130.KQ,False
씨씨에스,066790.KQ,False
차백신연구소,261780.KQ,False
아미노로직스,074430.KQ,False
에프앤가이드,064850.KQ,False
윈팩,097800.KQ,False
비트컴퓨터,032850.KQ,False
덕우전자,263600.KQ,False
라이온켐텍,171120.KQ,False
제노레이,122310.KQ,False
아비코전자,036010.KQ,False
선바이오,067370.KQ,False
탑엔지니어링,065130.KQ,False
노랑풍선,104620.KQ,False
강동씨앤엘,198440.KQ,False
아이빔테크놀로지,460470.KQ,False
정다운,208140.KQ,False
세토피아,222810.KQ,False
현대공업,170030.KQ,False
핑거,163730.KQ,False
아셈스,136410.KQ,False
창해에탄올,004650.KQ,False
플레이디,237820.KQ,False
티비씨,033830.KQ,False
바이오스마트,038460.KQ,False
한성크린텍,066980.KQ,False
미래생명자원,218150.KQ,False
DXVX,180400.KQ,False
디바이스이엔지,187870.KQ,False
서한,011370.KQ,False
SCI평가정보,036120.KQ,False
윙입푸드,900340.KQ,False
에이프로,262260.KQ,False
진양제약,007370.KQ,False
옵티팜,153710.KQ,False
현대ADM,187660.KQ,False
이니텍,053350.KQ,False
데이타솔루션,263800.KQ,False
영화테크,265560.KQ,False
신신제약,002800.KQ,False
HRS,036640.KQ,False
오픈베이스,049480.KQ,False
스카이월드와이드,357880.KQ,False
코렌텍,104540.KQ,False
엑스페릭스,317770.KQ,False
녹십자엠에스,142280.KQ,False
비엠티,086670.KQ,False
오비고,352910.KQ,False
JW신약,067290.KQ,False
브이원텍,251630.KQ,False
참좋은여행,094850.KQ,False
코닉오토메이션,391710.KQ,False
우리넷,115440.KQ,False
NPX,222160.KQ,False
그린플러스,186230.KQ,False
대모,317850.KQ,False
피엔에이치테크,239890.KQ,False
상상인,038540.KQ,False
RF시스템즈,474610.KQ,False
아진엑스텍,059120.KQ,False
티디에스팜,464280.KQ,False
아이엘사이언스,307180.KQ,False
희림,037440.KQ,False
크라우드웍스,355390.KQ,False
한국컴퓨터,054040.KQ,False
포바이포,389140.KQ,False
피제이메탈,128660.KQ,False
블리츠웨이스튜디오,369370.KQ,False
티앤알바이오팹,246710.KQ,False
미래에셋드림스팩1호,442900.KQ,False
시그네틱스,033170.KQ,False
디케이락,105740.KQ,False
해성에어로보틱스,059270.KQ,False
모델솔루션,417970.KQ,False
서남,294630.KQ,False
SV인베스트먼트,289080.KQ,False
신일제약,012790.KQ,False
소마젠,950200.KQ,False
이노메트리,302430.KQ,False
코콤,015710.KQ,False
이오플로우,294090.KQ,False
상보,027580.KQ,False
동일금속,109860.KQ,False
덕신이피씨,090410.KQ,False
이렘,009730.KQ,False
오로라,039830.KQ,False
위드텍,348350.KQ,False
이엘씨,041520.KQ,False
금강철강,053260.KQ,False
PN풍년,024940.KQ,False
티플랙스,081150.KQ,False
마이크로컨텍솔,098120.KQ,False
피에스텍,002230.KQ,False
메가터치,446540.KQ,False
우림피티에스,101170.KQ,False
지엘팜텍,204840.KQ,False
심텍홀딩스,036710.KQ,False
폴라리스세원,234100.KQ,False
KS인더스트리,101000.KQ,False
드림씨아이에스,223250.KQ,False
KBI메탈,024840.KQ,False
잉크테크,049550.KQ,False
성호전자,043260.KQ,False
시공테크,020710.KQ,False
맥스트,377030.KQ,False
엠오티,413390.KQ,False
링크제니시스,219420.KQ,False
센코,347000.KQ,False
팬젠,222110.KQ,False
하스,450330.KQ,False
화인써키트,127980.KQ,False
라메디텍,462510.KQ,False
오르비텍,046120.KQ,False
디와이디,219550.KQ,False
유신,054930.KQ,False
유니테크노,241690.KQ,False
원티드랩,376980.KQ,False
엠투엔,033310.KQ,False
디젠스,113810.KQ,False
세원물산,024830.KQ,False
유틸렉스,263050.KQ,False
저스템,417840.KQ,False
나이스디앤비,130580.KQ,False
네오오토,212560.KQ,False
이삭엔지니어링,351330.KQ,False
하츠,066130.KQ,False
스톤브릿지벤처스,330730.KQ,False
모바일어플라이언스,087260.KQ,False
프리엠스,053160.KQ,False
씨앤투스,352700.KQ,False
팬엔터테인먼트,068050.KQ,False
흥국에프엔비,189980.KQ,False
유성티엔에스,024800.KQ,False
모베이스,101330.KQ,False
KCI,036670.KQ,False
아이언디바이스,464500.KQ,False
토탈소프트,045340.KQ,False
원익큐브,014190.KQ,False
아모센스,357580.KQ,False
피엔케이피부임상연구센타,347740.KQ,False
와이엠씨,155650.KQ,False
조광ILI,044060.KQ,False
아이진,185490.KQ,False
유니크,011320.KQ,False
보라티알,250000.KQ,False
NE능률,053290.KQ,False
아크솔루션스,203690.KQ,False
프로이천,321260.KQ,False
아스플로,159010.KQ,False
테라사이언스,073640.KQ,False
티사이언티픽,057680.KQ,False
진시스템,363250.KQ,False
브리지텍,064480.KQ,False
아이지넷,462980.KQ,False
슈프리마에이치큐,094840.KQ,False
아스타,246720.KQ,False
한일단조,024740.KQ,False
씨피시스템,413630.KQ,False
와이어블,065530.KQ,False
램테크놀러지,171010.KQ,False
에스씨디,042110.KQ,False
포인트엔지니어링,256630.KQ,False
경창산업,024910.KQ,False
삼현철강,017480.KQ,False
자연과환경,043910.KQ,False
모비데이즈,363260.KQ,False
에코볼트,097780.KQ,False
인스웨이브시스템즈,450520.KQ,False
엔지스테크널러지,208860.KQ,False
레몬,294140.KQ,False
오상자이엘,053980.KQ,False
홈캐스트,064240.KQ,False
바이브컴퍼니,301300.KQ,False
SCL사이언스,246960.KQ,False
코스맥스엔비티,222040.KQ,False
TJ미디어,032540.KQ,False
YBM넷,057030.KQ,False
우듬지팜,403490.KQ,False
베노티앤알,206400.KQ,False
에이테크솔루션,071670.KQ,False
제이엔비,452160.KQ,False
디지틀조선,033130.KQ,False
SDN,099220.KQ,False
성도이엔지,037350.KQ,False
한울BnC,214870.KQ,False
파라텍,033540.KQ,False
NEW,160550.KQ,False
아이큐어,175250.KQ,False
좋은사람들,033340.KQ,False
웨이버스,336060.KQ,False
한울반도체,320000.KQ,False
SM Life Design,063440.KQ,False
흥국,010240.KQ,False
머큐리,100590.KQ,False
린드먼아시아,277070.KQ,False
삼영엠텍,054540.KQ,False
구영테크,053270.KQ,False
트윔,290090.KQ,False
한국전자인증,041460.KQ,False
서린바이오,038070.KQ,False
한국비티비,219750.KQ,False
인포뱅크,039290.KQ,False
디알젬,263690.KQ,False
액트로,290740.KQ,False
한국가구,004590.KQ,False
알파홀딩스,117670.KQ,False
비아이매트릭스,413640.KQ,False
대한광통신,010170.KQ,False
푸른기술,094940.KQ,False
에스퓨얼셀,288620.KQ,False
푸드웰,005670.KQ,False
다원넥스뷰,323350.KQ,False
셀로맥스사이언스,471820.KQ,False
세아메카닉스,396300.KQ,False
인지디스플레,037330.KQ,False
케이사인,192250.KQ,False
센서뷰,321370.KQ,False
에이치시티,072990.KQ,False
딥마인드,223310.KQ,False
케이엘넷,039420.KQ,False
에이치엘사이언스,239610.KQ,False
픽셀플러스,087600.KQ,False
우리로,046970.KQ,False
대륙제관,004780.KQ,False
본느,226340.KQ,False
KH 건설,226360.KQ,False
웰크론,065950.KQ,False
씨엔알리서치,359090.KQ,False
제일바이오,052670.KQ,False
제일테크노스,038010.KQ,False
위즈코프,038620.KQ,False
푸드나무,290720.KQ,False
피플바이오,304840.KQ,False
동아엘텍,088130.KQ,False
티이엠씨씨엔에스,241790.KQ,False
국영지앤엠,006050.KQ,False
캠시스,050110.KQ,False
아이디피,332370.KQ,False
엘엠에스,073110.KQ,False
포시에스,189690.KQ,False
대창솔루션,096350.KQ,False
케이엔더블유,105330.KQ,False
일월지엠엘,178780.KQ,False
블루콤,033560.KQ,False
휴맥스,115160.KQ,False
재영솔루텍,049630.KQ,False
벡트,457600.KQ,False
파수,150900.KQ,False
삼화네트웍스,046390.KQ,False
씨유테크,376290.KQ,False
DGI,099520.KQ,False
미트박스,475460.KQ,False
웨이브일렉트로,095270.KQ,False
이엠넷,123570.KQ,False
이글벳,044960.KQ,False
가온그룹,078890.KQ,False
러셀,217500.KQ,False
코위버,056360.KQ,False
TS인베스트먼트,246690.KQ,False
뉴트리,270870.KQ,False
EDGC,245620.KQ,False
아이씨에이치,368600.KQ,False
캐리소프트,317530.KQ,False
디티씨,066670.KQ,False
한싹,430690.KQ,False
에너토크,019990.KQ,False
삼천리자전거,024950.KQ,False
고려제약,014570.KQ,False
대유,290380.KQ,False
나노브릭,286750.KQ,False
일지테크,019540.KQ,False
아이톡시,052770.KQ,False
엔비티,236810.KQ,False
모니터랩,434480.KQ,False
바이젠셀,308080.KQ,False
알리코제약,260660.KQ,False
대림제지,017650.KQ,False
효성오앤비,097870.KQ,False
파이오링크,170790.KQ,False
엑셀세라퓨틱스,373110.KQ,False
그리티,204020.KQ,False
이글루,067920.KQ,False
클라우드에어,036170.KQ,False
에코바이오,038870.KQ,False
나라엠앤디,051490.KQ,False
포스뱅크,105760.KQ,False
KX하이텍,052900.KQ,False
프롬바이오,377220.KQ,False
파워넷,037030.KQ,False
코디,080530.KQ,False
태양,053620.KQ,False
오토앤,353590.KQ,False
닷밀,464580.KQ,False
엔피디,198080.KQ,False
에쎈테크,043340.KQ,False
에스디생명공학,217480.KQ,False
대원,007680.KQ,False
스페코,013810.KQ,False
컬러레이,900310.KQ,False
코데즈컴바인,047770.KQ,False
버넥트,438700.KQ,False
이노뎁,303530.KQ,False
FSN,214270.KQ,False
지더블유바이텍,036180.KQ,False
서울리거,043710.KQ,False
옵트론텍,082210.KQ,False
산돌,419120.KQ,False
SG&G,040610.KQ,False
대주산업,003310.KQ,False
미투온,201490.KQ,False
현대에이치티,039010.KQ,False
에스코넥,096630.KQ,False
인지소프트,100030.KQ,False
엑스플러스,373200.KQ,False
알체라,347860.KQ,False
EG,037370.KQ,False
쏘닉스,088280.KQ,False
애니젠,196300.KQ,False
미디어젠,279600.KQ,False
예림당,036000.KQ,False
더블유에스아이,299170.KQ,False
에스에이티이엔지,351320.KQ,False
한독크린텍,256150.KQ,False
제이투케이바이오,420570.KQ,False
카스,016920.KQ,False
이상네트웍스,080010.KQ,False
RF머트리얼즈,327260.KQ,False
경남제약,053950.KQ,False
자비스,254120.KQ,False
우원개발,046940.KQ,False
진매트릭스,109820.KQ,False
시큐레터,418250.KQ,False
화신정공,126640.KQ,False
파인디앤씨,049120.KQ,False
비투엔,307870.KQ,False
뱅크웨어글로벌,199480.KQ,False
밸로프,331520.KQ,False
스코넥,276040.KQ,False
메가엠디,133750.KQ,False
자이글,234920.KQ,False
알에프세미,096610.KQ,False
옵티시스,109080.KQ,False
한울소재과학,091440.KQ,False
아시아경제,127710.KQ,False
동우팜투테이블,088910.KQ,False
제놀루션,225220.KQ,False
케어랩스,263700.KQ,False
더라미,032860.KQ,False
디에이피,066900.KQ,False
한네트,052600.KQ,False
빛과전자,069540.KQ,False
한국팩키지,037230.KQ,False
코스텍시스,355150.KQ,False
테크엘,064520.KQ,False
팸텍,271830.KQ,False
알엔투테크놀로지,148250.KQ,False
현우산업,092300.KQ,False
앱코,129890.KQ,False
포커스에이치엔에스,331380.KQ,False
HB인베스트먼트,440290.KQ,False
동국알앤에스,075970.KQ,False
유라클,088340.KQ,False
인산가,277410.KQ,False
나무기술,242040.KQ,False
바이오톡스텍,086040.KQ,False
TKG애강,022220.KQ,False
마니커에프앤지,195500.KQ,False
오텍,067170.KQ,False
우양,103840.KQ,False
텔콘RF제약,200230.KQ,False
아이퀘스트,262840.KQ,False
에프엔씨엔터,173940.KQ,False
신화인터텍,056700.KQ,False
리더스코스메틱,016100.KQ,False
삼일기업공사,002290.KQ,False
삼기,122350.KQ,False
서전기전,189860.KQ,False
모비릭스,348030.KQ,False
원풍,008370.KQ,False
CNT85,056730.KQ,False
제이티,089790.KQ,False
서암기계공업,100660.KQ,False
큐캐피탈,016600.KQ,False
썸에이지,208640.KQ,False
삼성스팩8호,448740.KQ,False
케이피엠테크,042040.KQ,False
핸디소프트,220180.KQ,False
코스나인,082660.KQ,False
위세아이텍,065370.KQ,False
애머릿지,900100.KQ,False
휴엠앤씨,263920.KQ,False
케이씨피드,025880.KQ,False
유에스티,263770.KQ,False
아이즈비전,031310.KQ,False
쎄니트,037760.KQ,False
모아라이프플러스,142760.KQ,False
우리산업홀딩스,072470.KQ,False
엔투텍,227950.KQ,False
아이윈플러스,123010.KQ,False
카티스,140430.KQ,False
루멘스,038060.KQ,False
피코그램,376180.KQ,False
모아데이타,288980.KQ,False
일신바이오,068330.KQ,False
성우전자,081580.KQ,False
승일,049830.KQ,False
파인메딕스,387570.KQ,False
엠아이큐브솔루션,373170.KQ,False
피씨디렉트,051380.KQ,False
파인텍,131760.KQ,False
디케이앤디,263020.KQ,False
이화공영,001840.KQ,False
아세아텍,050860.KQ,False
SGC E&C,016250.KQ,False
옴니시스템,057540.KQ,False
남화토건,091590.KQ,False
브레인즈컴퍼니,099390.KQ,False
제이엠티,094970.KQ,False
에스제이그룹,306040.KQ,False
코맥스,036690.KQ,False
네이블,153460.KQ,False
하이소닉,106080.KQ,False
대신정보통신,020180.KQ,False
에이루트,096690.KQ,False
듀오백,073190.KQ,False
피엔티엠에스,257370.KQ,False
와이엠,007530.KQ,False
영림원소프트랩,060850.KQ,False
삼륭물산,014970.KQ,False
하나금융25호스팩,435620.KQ,False
동방선기,099410.KQ,False
하이퍼코퍼레이션,065650.KQ,False
알피바이오,314140.KQ,False
씨싸이트,109670.KQ,False
에스켐,475660.KQ,False
뷰티스킨,406820.KQ,False
케이디켐,221980.KQ,False
신진에스엠,138070.KQ,False
힘스,238490.KQ,False
지니너스,389030.KQ,False
피델릭스,032580.KQ,False
앤디포스,238090.KQ,False
얼라인드,238120.KQ,False
엔에프씨,265740.KQ,False
오하임앤컴퍼니,309930.KQ,False
기가레인,049080.KQ,False
KH 미래물산,111870.KQ,False
포메탈,119500.KQ,False
NHN벅스,104200.KQ,False
바이오로그디바이스,208710.KQ,False
코이즈,121850.KQ,False
오공,045060.KQ,False
대창스틸,140520.KQ,False
탑코미디어,134580.KQ,False
이스트에이드,239340.KQ,False
뉴온,123840.KQ,False
오션인더블유,052300.KQ,False
미코바이오메드,214610.KQ,False
제주맥주,276730.KQ,False
소니드,060230.KQ,False
비비씨,318410.KQ,False
대성하이텍,129920.KQ,False
KBG,318000.KQ,False
아이티센엔텍,010280.KQ,False
한국맥널티,222980.KQ,False
윈하이텍,192390.KQ,False
진영,285800.KQ,False
네오티스,085910.KQ,False
티엔엔터테인먼트,131100.KQ,False
서연탑메탈,019770.KQ,False
엔텔스,069410.KQ,False
플랜티넷,075130.KQ,False
유진테크놀로지,240600.KQ,False
에스에이티,060540.KQ,False
내츄럴엔도텍,168330.KQ,False
프로티아,303360.KQ,False
백금T&A,046310.KQ,False
서진오토모티브,122690.KQ,False
카이노스메드,284620.KQ,False
원바이오젠,307280.KQ,False
옵티코어,380540.KQ,False
비씨월드제약,200780.KQ,False
YW,051390.KQ,False
케이씨티,089150.KQ,False
이루온,065440.KQ,False
씨이랩,189330.KQ,False
유니온커뮤니티,203450.KQ,False
엠브레인,169330.KQ,False
와이즈버즈,273060.KQ,False
오브젠,417860.KQ,False
상신전자,263810.KQ,False
에이치와이티씨,148930.KQ,False
씨큐브,101240.KQ,False
동일기연,032960.KQ,False
한일화학,007770.KQ,False
캡스톤파트너스,452300.KQ,False
키네마스터,139670.KQ,False
CSA 코스믹,083660.KQ,False
이에이트,418620.KQ,False
파버나인,177830.KQ,False
싸이버원,356890.KQ,False
폴라리스우노,114630.KQ,False
아이앤씨,052860.KQ,False
GH신소재,130500.KQ,False
핑거스토리,417180.KQ,False
체리부로,066360.KQ,False
배럴,267790.KQ,False
엠젠솔루션,032790.KQ,False
레이저쎌,412350.KQ,False
MIT,038340.KQ,False
이노시뮬레이션,274400.KQ,False
케이쓰리아이,431190.KQ,False
에스지헬스케어,398120.KQ,False
이미지스,115610.KQ,False
케이엠,083550.KQ,False
아이비젼웍스,469750.KQ,False
코셈,360350.KQ,False
디티앤씨,187220.KQ,False
캐스텍코리아,071850.KQ,False
에이텀,355690.KQ,False
헝셩그룹,900270.KQ,False
시큐브,131090.KQ,False
대성파인텍,104040.KQ,False
글로본,019660.KQ,False
서울제약,018680.KQ,False
큐라티스,348080.KQ,False
비스토스,419540.KQ,False
포인트모바일,318020.KQ,False
리튬포어스,073570.KQ,False
마이크로투나노,424980.KQ,False
TPC,048770.KQ,False
모아텍,033200.KQ,False
삼진,032750.KQ,False
오디텍,080520.KQ,False
이씨에스,067010.KQ,False
와토스코리아,079000.KQ,False
신한제11호스팩,452980.KQ,False
에코캡,128540.KQ,False
아우딘퓨쳐스,227610.KQ,False
케일럼,258610.KQ,False
이지트로닉스,377330.KQ,False
지니틱스,303030.KQ,False
아이크래프트,052460.KQ,False
우리이앤엘,153490.KQ,False
씨유메디칼,115480.KQ,False
엠에프씨,432980.KQ,False
삼성스팩7호,439250.KQ,False
신도기연,290520.KQ,False
메디앙스,014100.KQ,False
씨유박스,340810.KQ,False
코리아에셋투자증권,190650.KQ,False
비큐AI,148780.KQ,False
핌스,347770.KQ,False
TS트릴리온,317240.KQ,False
디에이테크놀로지,196490.KQ,False
네오펙트,290660.KQ,False
KB오토시스,024120.KQ,False
팬스타엔터프라이즈,054300.KQ,False
세화피앤씨,252500.KQ,False
그린생명과학,114450.KQ,False
한국큐빅,021650.KQ,False
나라셀라,405920.KQ,False
메이슨캐피탈,021880.KQ,False
한창산업,079170.KQ,False
휴림에이텍,078590.KQ,False
소프트센,032680.KQ,False
휴맥스홀딩스,028080.KQ,False
동양파일,228340.KQ,False
아이컴포넌트,059100.KQ,False
세림B&G,340440.KQ,False
스킨앤스킨,159910.KQ,False
플래티어,367000.KQ,False
삼일,032280.KQ,False
DH오토리드,290120.KQ,False
셀바이오휴먼텍,318160.KQ,False
엔젠바이오,354200.KQ,False
나래나노텍,137080.KQ,False
윙스풋,335870.KQ,False
파인디지털,038950.KQ,False
티에스넥스젠,043220.KQ,False
에스티오,098660.KQ,False
삼보산업,009620.KQ,False
프럼파스트,035200.KQ,False
디와이씨,310870.KQ,False
대성미생물,036480.KQ,False
스튜디오삼익,415380.KQ,False
코퍼스코리아,322780.KQ,False
CS,065770.KQ,False
아이윈,090150.KQ,False
한빛소프트,047080.KQ,False
무림SP,001810.KQ,False
모헨즈,006920.KQ,False
피엠티,147760.KQ,False
이노룰스,296640.KQ,False
휴네시온,290270.KQ,False
대한과학,131220.KQ,False
누보,332290.KQ,False
누리플렉스,040160.KQ,False
플레이위드,023770.KQ,False
프리시젼바이오,335810.KQ,False
신원종합개발,017000.KQ,False
제이에스티나,026040.KQ,False
대동스틸,048470.KQ,False
젠큐릭스,229000.KQ,False
링크드,193250.KQ,False
드림인사이트,362990.KQ,False
넥스턴바이오,089140.KQ,False
디지캡,197140.KQ,False
이원컴포텍,088290.KQ,False
신화콘텍,187270.KQ,False
멕아이씨에스,058110.KQ,False
크린앤사이언스,045520.KQ,False
비엘팜텍,065170.KQ,False
형지I&C,011080.KQ,False
케이웨더,068100.KQ,False
바른손이앤에이,035620.KQ,False
빛샘전자,072950.KQ,False
조아제약,034940.KQ,False
나노,187790.KQ,False
원일특강,012620.KQ,False
CBI,013720.KQ,False
솔트웨어,328380.KQ,False
모코엠시스,333050.KQ,False
성우테크론,045300.KQ,False
부스타,008470.KQ,False
바른손,018700.KQ,False
유투바이오,221800.KQ,False
세중,039310.KQ,False
라닉스,317120.KQ,False
넥스트아이,137940.KQ,False
오스템,031510.KQ,False
DH오토웨어,025440.KQ,False
기산텔레콤,035460.KQ,False
우리엔터프라이즈,037400.KQ,False
SGA솔루션즈,184230.KQ,False
쎄노텍,222420.KQ,False
영우디에스피,143540.KQ,False
시큐센,232830.KQ,False
S&K폴리텍,091340.KQ,False
율촌,146060.KQ,False
휴럼,353190.KQ,False
셀피글로벌,068940.KQ,False
팜스빌,318010.KQ,False
로지시스,067730.KQ,False
판타지오,032800.KQ,False
코아시아씨엠,196450.KQ,False
아이스크림에듀,289010.KQ,False
플라즈맵,405000.KQ,False
압타머사이언스,291650.KQ,False
캔버스엔,210120.KQ,False
엔에이치스팩29호,451700.KQ,False
협진,138360.KQ,False
아이티아이즈,372800.KQ,False
엑스큐어,070300.KQ,False
손오공,066910.KQ,False
제넨바이오,072520.KQ,False
엑시온그룹,069920.KQ,False
케이바이오,038530.KQ,False
한주라이트메탈,198940.KQ,False
유디엠텍,389680.KQ,False
바이오인프라,199730.KQ,False
웰크론한텍,076080.KQ,False
진바이오텍,086060.KQ,False
에스씨엠생명과학,298060.KQ,False
한주에이알티,058450.KQ,False
우정바이오,215380.KQ,False
제이엠아이,033050.KQ,False
캐리,313760.KQ,False
하이즈항공,221840.KQ,False
아즈텍WB,032080.KQ,False
ES큐브,050120.KQ,False
에스엘에스바이오,246250.KQ,False
이엠앤아이,083470.KQ,False
브이씨,365900.KQ,False
피앤씨테크,237750.KQ,False
알로이스,297570.KQ,False
선샤인푸드,217620.KQ,False
나노씨엠에스,247660.KQ,False
에이에프더블류,312610.KQ,False
이스트아시아홀딩스,900110.KQ,False
지엔코,065060.KQ,False
삼영에스앤씨,361670.KQ,False
동양에스텍,060380.KQ,False
엑사이엔씨,054940.KQ,False
우진비앤지,018620.KQ,False
에스폴리텍,050760.KQ,False
위니아에이드,377460.KQ,False
씨엔플러스,115530.KQ,False
에스에너지,095910.KQ,False
딜리,131180.KQ,False
동일스틸럭스,023790.KQ,False
해성옵틱스,076610.KQ,False
셀레믹스,331920.KQ,False
KB제27호스팩,464680.KQ,False
성창오토텍,080470.KQ,False
뉴인텍,012340.KQ,False
비피도,238200.KQ,False
지란지교시큐리티,208350.KQ,False
인바이오,352940.KQ,False
신시웨이,290560.KQ,False
풍강,093380.KQ,False
전진바이오팜,110020.KQ,False
패션플랫폼,225590.KQ,False
오에스피,368970.KQ,False
정원엔시스,045510.KQ,False
서산,079650.KQ,False
엔시트론,101400.KQ,False
BF랩스,139050.KQ,False
신라에스지,025870.KQ,False
한국정밀기계,101680.KQ,False
비츠로시스,054220.KQ,False
인콘,083640.KQ,False
아시아종묘,154030.KQ,False
스튜디오산타클로스,204630.KQ,False
토박스코리아,215480.KQ,False
알파녹스,043100.KQ,False
한탑,002680.KQ,False
세종메디칼,258830.KQ,False
인터엠,017250.KQ,False
삼성스팩9호,468510.KQ,False
클리노믹스,352770.KQ,False
소프트캠프,258790.KQ,False
신라섬유,001000.KQ,False
유비온,084440.KQ,False
대동금속,020400.KQ,False
피씨엘,241820.KQ,False
DGP,060900.KQ,False
파인테크닉스,106240.KQ,False
나노캠텍,091970.KQ,False
로스웰,900260.KQ,False
위니아,071460.KQ,False
핀텔,291810.KQ,False
파루,043200.KQ,False
오가닉티코스메틱,900300.KQ,False
에이치케이,044780.KQ,False
글로벌에스엠,900070.KQ,False
한국유니온제약,080720.KQ,False
한국정보공학,039740.KQ,False
비유테크놀러지,230980.KQ,False
에스디시스템,121890.KQ,False
티피씨글로벌,130740.KQ,False
에스앤더블류,103230.KQ,False
시지트로닉스,429270.KQ,False
이퓨쳐,134060.KQ,False
엔피케이,048830.KQ,False
와이오엠,066430.KQ,False
대호특수강,021040.KQ,False
이엘피,063760.KQ,False
빌리언스,044480.KQ,False
유안타제13호스팩,449020.KQ,False
앤씨앤,092600.KQ,False
네오리진,094860.KQ,False
케이피티유,054410.KQ,False
다산솔루에타,154040.KQ,False
이노진,344860.KQ,False
에스에스알,275630.KQ,False
세니젠,188260.KQ,False
국일신동,060480.KQ,False
삼진엘앤디,054090.KQ,False
THE E&M,089230.KQ,False
서울전자통신,027040.KQ,False
이노인스트루먼트,215790.KQ,False
애드바이오텍,179530.KQ,False
세진티에스,067770.KQ,False
대신밸런스제15호스팩,457390.KQ,False
골드앤에스,035290.KQ,False
까스텔바작,308100.KQ,False
스타플렉스,115570.KQ,False
엔에이치스팩26호,439410.KQ,False
누리플랜,069140.KQ,False
원풍물산,008290.KQ,False
유아이디,069330.KQ,False
알톤,123750.KQ,False
대산F&B,065150.KQ,False
엔에이치스팩30호,466910.KQ,False
케스피온,079190.KQ,False
웰킵스하이텍,043590.KQ,False
세동,053060.KQ,False
SGA,049470.KQ,False
디모아,016670.KQ,False
에스아이리소스,065420.KQ,False
디에이치엑스컴퍼니,031860.KQ,False
베셀,177350.KQ,False
육일씨엔에쓰,191410.KQ,False
씨엑스아이,900120.KQ,False
에프알텍,073540.KQ,False
더코디,224060.KQ,False
웹스,196700.KQ,False
엘디티,096870.KQ,False
벨로크,424760.KQ,False
드래곤플라이,030350.KQ,False
디지아이,043360.KQ,False
상지건설,042940.KQ,False
엔에이치스팩27호,440820.KQ,False
미래에셋비전스팩7호,482680.KQ,False
미래에셋비전스팩4호,477380.KQ,False
인베니아,079950.KQ,False
대신밸런스제18호스팩,478780.KQ,False
더테크놀로지,043090.KQ,False
플루토스,019570.KQ,False
노블엠앤비,106520.KQ,False
뉴보텍,060260.KQ,False
대신밸런스제16호스팩,457630.KQ,False
KB제26호스팩,458320.KQ,False
아이엠,101390.KQ,False
스타코링크,060240.KQ,False
케이엠제약,225430.KQ,False
메디콕스,054180.KQ,False
에이치엠씨제7호스팩,477340.KQ,False
퀀텀온,227100.KQ,False
하나28호스팩,454750.KQ,False
하나30호스팩,469880.KQ,False
대신밸런스제14호스팩,442310.KQ,False
신영스팩8호,430220.KQ,False
한솔인티큐브,070590.KQ,False
유안타제15호스팩,473050.KQ,False
예선테크,250930.KQ,False
한국제15호스팩,479880.KQ,False
미래에셋비전스팩6호,478440.KQ,False
오늘이엔엠,192410.KQ,False
비케이홀딩스,050090.KQ,False
파커스,065690.KQ,False
키움제11호스팩,489480.KQ,False
대신밸런스제17호스팩,471050.KQ,False
엔에이치스팩31호,481890.KQ,False
KB제29호스팩,478390.KQ,False
하나26호스팩,446750.KQ,False
디비금융제13호스팩,489730.KQ,False
에이디칩스,054630.KQ,False
키움제8호스팩,446840.KQ,False
한국제14호스팩,477530.KQ,False
교보16호스팩,482520.KQ,False
KB제31호스팩,492220.KQ,False
삼영이엔씨,065570.KQ,False
유안타제10호스팩,435380.KQ,False
DB금융스팩12호,477760.KQ,False
하나27호스팩,448370.KQ,False
KD,044180.KQ,False
광진실업,026910.KQ,False
신영스팩9호,445970.KQ,False
장원테크,174880.KQ,False
KB제28호스팩,476470.KQ,False
신한제12호스팩,474660.KQ,False
대신밸런스제19호스팩,482690.KQ,False
하나31호스팩,469900.KQ,False
하나29호스팩,454640.KQ,False
신한제14호스팩,487360.KQ,False
바이온,032980.KQ,False
DB금융스팩11호,456440.KQ,False
미래에셋비전스팩5호,477470.KQ,False
유안타제9호스팩,430700.KQ,False
큐로홀딩스,051780.KQ,False
유안타제16호스팩,474490.KQ,False
올리패스,244460.KQ,False
엔에이치스팩24호,437780.KQ,False
미래에셋비전스팩2호,446190.KQ,False
KB제30호스팩,486630.KQ,False
유안타제11호스팩,444920.KQ,False
미래에셋비전스팩3호,448830.KQ,False
상상인제4호스팩,452670.KQ,False
유안타제17호스팩,493790.KQ,False
교보17호스팩,489210.KQ,False
하이제8호스팩,450050.KQ,False
에스케이증권제9호스팩,455910.KQ,False
한화플러스제4호스팩,455310.KQ,False
이베스트스팩6호,478110.KQ,False
유안타제12호스팩,446150.KQ,False
해성산업1우,03481K.KQ,False
신영스팩10호,472220.KQ,False
IBKS제22호스팩,448760.KQ,False
유진스팩11호,488060.KQ,False
IBKS제20호스팩,439730.KQ,False
유안타제14호스팩,450940.KQ,False
IBKS제21호스팩,442770.KQ,False
하나34호스팩,484130.KQ,False
KB제25호스팩,455250.KQ,False
비엔케이제1호스팩,445360.KQ,False
키움제7호스팩,433530.KQ,False
IBKS제23호스팩,467930.KQ,False
한국제13호스팩,464440.KQ,False
한국제12호스팩,458610.KQ,False
IBKS제24호스팩,469480.KQ,False
교보14호스팩,456490.KQ,False
에스케이증권제13호스팩,473950.KQ,False
유진스팩10호,468760.KQ,False
에이치엠씨제6호스팩,462020.KQ,False
교보13호스팩,440790.KQ,False
신한제15호스팩,487830.KQ,False
키움제10호스팩,487720.KQ,False
비엔케이제2호스팩,473370.KQ,False
에스케이증권제11호스팩,472230.KQ,False
신한제10호스팩,418210.KQ,False
교보15호스팩,465320.KQ,False
키움제6호스팩,413600.KQ,False
에스케이증권제8호스팩,435870.KQ,False
하나33호스팩,475250.KQ,False
신한제13호스팩,474930.KQ,False
유진스팩9호,442130.KQ,False
엠에프엠코리아,323230.KQ,False
에스케이증권제10호스팩,457940.KQ,False
하나32호스팩,475240.KQ,False
에스케이증권제12호스팩,473000.KQ,False
엔에이치스팩25호,438580.KQ,False
투비소프트,079970.KQ,False
CNH,023460.KQ,False
소프트센우,032685.KQ,False
대호특수강우,021045.KQ,False
위너스,479960.KQ,False
