company_name,ticker
삼성전자,005930.KS
SK하이닉스,005931.KS
LG에너지솔루션,005932.KS
삼성바이오로직스,005933.KS
현대차,005934.KS
삼성전자우,005935.KS
셀트리온,005936.KS
기아,005937.KS
NAVER,005938.KS
KB금융,005939.KS
한화에어로스페이스,005940.KS
HD현대중공업,005941.KS
신한지주,005942.KS
메리츠금융지주,005943.KS
현대모비스,005944.KS
POSCO홀딩스,005945.KS
한화오션,005946.KS
삼성물산,005947.KS
SK이노베이션,005948.KS
두산에너빌리티,005949.KS
삼성화재,005950.KS
삼성생명,005951.KS
하나금융지주,005952.KS
LG화학,005953.KS
카카오,005954.KS
고려아연,005955.KS
HMM,005956.KS
삼성SDI,005957.KS
크래프톤,005958.KS
HD한국조선해양,005959.KS
한국전력,005960.KS
HD현대일렉트릭,005961.KS
LG전자,005962.KS
SK스퀘어,005963.KS
KT&G,005964.KS
우리금융지주,005965.KS
SK텔레콤,005966.KS
기업은행,005967.KS
KT,005968.KS
삼성중공업,005969.KS
카카오뱅크,005970.KS
포스코퓨처엠,005971.KS
LG,005972.KS
SK,005973.KS
삼성전기,005974.KS
한미반도체,005975.KS
하이브,005976.KS
현대글로비스,005977.KS
삼성에스디에스,005978.KS
현대로템,005979.KS
유한양행,005980.KS
SK바이오팜,005981.KS
대한항공,005982.KS
LS ELECTRIC,005983.KS
포스코인터내셔널,005984.KS
DB손해보험,005985.KS
아모레퍼시픽,005986.KS
LIG넥스원,005987.KS
삼양식품,005988.KS
S-Oil,005989.KS
에코프로머티,005990.KS
HD현대마린솔루션,005991.KS
한화시스템,005992.KS
두산,005993.KS
HD현대,005994.KS
한국항공우주,005995.KS
코웨이,005996.KS
현대차2우B,005997.KS
한진칼,005998.KS
SKC,005999.KS
맥쿼리인프라,006000.KS
LG생활건강,006001.KS
삼성카드,006002.KS
미래에셋증권,006003.KS
LG씨엔에스,006004.KS
두산밥캣,006005.KS
LG디스플레이,006006.KS
NH투자증권,006007.KS
한국타이어앤테크놀로지,006008.KS
두산로보틱스,006009.KS
LG유플러스,006010.KS
한국금융지주,006011.KS
효성중공업,006012.KS
HD현대미포,006013.KS
카카오페이,006014.KS
오리온,006015.KS
삼성증권,006016.KS
넷마블,006017.KS
포스코DX,006018.KS
현대건설,006019.KS
LG이노텍,006020.KS
엔씨소프트,006021.KS
LS,006022.KS
현대차우,006023.KS
GS,006024.KS
현대오토에버,006025.KS
BNK금융지주,006026.KS
SK바이오사이언스,006027.KS
CJ제일제당,006028.KS
시프트업,006029.KS
삼성E&A,006030.KS
한화솔루션,006031.KS
JB금융지주,006032.KS
현대제철,006033.KS
강원랜드,006034.KS
한미약품,006035.KS
금호석유,006036.KS
엘앤에프,006037.KS
한화,006038.KS
한국가스공사,006039.KS
CJ,006040.KS
키움증권,006041.KS
한온시스템,006042.KS
롯데케미칼,006043.KS
F&F,006044.KS
이수페타시스,006045.KS
한전기술,006046.KS
KCC,006047.KS
대한전선,006048.KS
롯데지주,006049.KS
동서,006050.KS
한화비전,006051.KS
더존비즈온,006052.KS
에스원,006053.KS
SK가스,006054.KS
휠라홀딩스,006055.KS
한화생명,006056.KS
아시아나항공,006057.KS
CJ대한통운,006058.KS
이마트,006059.KS
산일전기,006060.KS
현대해상,006061.KS
현대엘리베이,006062.KS
농심,006063.KS
제일기획,006064.KS
HL만도,006065.KS
에이피알,006066.KS
DB하이텍,006067.KS
한올바이오파마,006068.KS
팬오션,006069.KS
SK아이이테크놀로지,006070.KS
한미사이언스,006071.KS
한전KPS,006072.KS
영원무역,006073.KS
한화엔진,006074.KS
롯데쇼핑,006075.KS
BGF리테일,006076.KS
코스모신소재,006077.KS
코스맥스,006078.KS
아모레G,006079.KS
씨에스윈드,006080.KS
풍산,006081.KS
HD현대인프라코어,006082.KS
이수스페셜티케미컬,006083.KS
호텔신라,006084.KS
DGB금융지주,006085.KS
에스엘,006086.KS
코리안리,006087.KS
GS건설,006088.KS
오뚜기,006089.KS
녹십자,006090.KS
DL이앤씨,006091.KS
OCI홀딩스,006092.KS
대웅제약,006093.KS
한국앤컴퍼니,006094.KS
대우건설,006095.KS
신세계,006096.KS
금호타이어,006097.KS
일진전기,006098.KS
SK리츠,006099.KS
동원산업,006100.KS
한국콜마,006101.KS
신영증권,006102.KS
롯데에너지머티리얼즈,006103.KS
하이트진로,006104.KS
한솔케미칼,006105.KS
GS리테일,006106.KS
HD현대건설기계,006107.KS
에스디바이오센서,006108.KS
현대백화점,006109.KS
DN오토모티브,006110.KS
HDC현대산업개발,006111.KS
대웅,006112.KS
금양,006113.KS
영원무역홀딩스,006114.KS
LS에코에너지,006115.KS
경동나비엔,006116.KS
현대위아,006117.KS
종근당,006118.KS
동원시스템즈,006119.KS
한샘,006120.KS
LX인터내셔널,006121.KS
한일시멘트,006122.KS
세방전지,006123.KS
롯데정밀화학,006124.KS
두산퓨얼셀,006125.KS
롯데렌탈,006126.KS
LX세미콘,006127.KS
더블유게임즈,006128.KS
롯데웰푸드,006129.KS
SNT다이내믹스,006130.KS
ESR켄달스퀘어리츠,006131.KS
효성티앤씨,006132.KS
SK네트웍스,006133.KS
파라다이스,006134.KS
롯데리츠,006135.KS
LG화학우,006136.KS
오리온홀딩스,006137.KS
롯데칠성,006138.KS
대덕전자,006139.KS
코오롱인더,006140.KS
가온전선,006141.KS
세아제강지주,006142.KS
삼성화재우,006143.KS
솔루엠,006144.KS
HS효성첨단소재,006145.KS
HD현대마린엔진,006146.KS
하나투어,006147.KS
DI동일,006148.KS
KB발해인프라,006149.KS
보령,006150.KS
SK오션플랜트,006151.KS
빙그레,006152.KS
프레스티지바이오파마,006153.KS
대신증권,006154.KS
미원상사,006155.KS
다우기술,006156.KS
CJ CGV,006157.KS
현대지에프홀딩스,006158.KS
미래에셋생명,006159.KS
전진건설로봇,006160.KS
효성,006161.KS
코스모화학,006162.KS
태광산업,006163.KS
HDC,006164.KS
율촌화학,006165.KS
한국카본,006166.KS
대상,006167.KS
케이씨텍,006168.KS
덴티움,006169.KS
쿠쿠홀딩스,006170.KS
동양생명,006171.KS
한국단자,006172.KS
태영건설,006173.KS
한화투자증권,006174.KS
SK케미칼,006175.KS
영풍,006176.KS
이노션,006177.KS
KG모빌리티,006178.KS
TCC스틸,006179.KS
교보증권,006180.KS
NICE평가정보,006181.KS
신한알파리츠,006182.KS
솔루스첨단소재,006183.KS
미원에스씨,006184.KS
DL,006185.KS
세아베스틸지주,006186.KS
GKL,006187.KS
SK디스커버리,006188.KS
NHN,006189.KS
TKG휴켐스,006190.KS
파미셀,006191.KS
녹십자홀딩스,006192.KS
LG전자우,006193.KS
대한유화,006194.KS
한화리츠,006195.KS
화승엔터프라이즈,006196.KS
두산우,006197.KS
엠앤씨솔루션,006198.KS
케이카,006199.KS
STX엔진,006200.KS
롯데관광개발,006201.KS
현대홈쇼핑,006202.KS
KG스틸,006203.KS
동아쏘시오홀딩스,006204.KS
카프로,006205.KS
SNT에너지,006206.KS
풀무원,006207.KS
동원F&B,006208.KS
제주항공,006209.KS
PI첨단소재,006210.KS
일진하이솔루스,006211.KS
OCI,006212.KS
미래에셋증권2우B,006213.KS
티웨이항공,006214.KS
롯데손해보험,006215.KS
대한해운,006216.KS
아이에스동서,006217.KS
비에이치,006218.KS
DS단석,006219.KS
KCC글라스,006220.KS
아세아,006221.KS
삼양홀딩스,006222.KS
드림텍,006223.KS
JW중외제약,006224.KS
후성,006225.KS
유안타증권,006226.KS
넥센타이어,006227.KS
진에어,006228.KS
HJ중공업,006229.KS
LX홀딩스,006230.KS
명신산업,006231.KS
지역난방공사,006232.KS
SNT홀딩스,006233.KS
쏘카,006234.KS
디아이,006235.KS
한세실업,006236.KS
유니드,006237.KS
해성디에스,006238.KS
SK이터닉스,006239.KS
삼아알미늄,006240.KS
F&F홀딩스,006241.KS
제이알글로벌리츠,006242.KS
세진중공업,006243.KS
고려제강,006244.KS
남양유업,006245.KS
LF,006246.KS
퍼시스,006247.KS
신풍제약,006248.KS
바이오노트,006249.KS
한화손해보험,006250.KS
동국제강,006251.KS
삼양사,006252.KS
동아에스티,006253.KS
쿠쿠홈시스,006254.KS
현대그린푸드,006255.KS
E1,006256.KS
더본코리아,006257.KS
GS피앤엘,006258.KS
지누스,006259.KS
세아제강,006260.KS
흥아해운,006261.KS
대상홀딩스,006262.KS
엠씨넥스,006263.KS
SBS,006264.KS
한일홀딩스,006265.KS
대신증권우,006266.KS
삼성FN리츠,006267.KS
한국쉘석유,006268.KS
SPC삼립,006269.KS
코람코라이프인프라리츠,006270.KS
풍산홀딩스,006271.KS
SNT모티브,006272.KS
현대퓨처넷,006273.KS
NICE,006274.KS
사조대림,006275.KS
신도리코,006276.KS
아세아시멘트,006277.KS
신세계인터내셔날,006278.KS
한전산업,006279.KS
맵스리얼티1,006280.KS
영진약품,006281.KS
아모레퍼시픽우,006282.KS
현대차3우B,006283.KS
세아홀딩스,006284.KS
애경케미칼,006285.KS
한섬,006286.KS
삼천리,006287.KS
CJ4우(전환),006288.KS
대한제강,006289.KS
애경산업,006290.KS
한국금융지주우,006291.KS
KB스타리츠,006292.KS
한화3우B,006293.KS
조광피혁,006294.KS
이아이디,006295.KS
스틱인베스트먼트,006296.KS
HL홀딩스,006297.KS
서연이화,006298.KS
부광약품,006299.KS
SGC에너지,006300.KS
LS네트웍스,006301.KS
남해화학,006302.KS
BGF,006303.KS
YG PLUS,006304.KS
백광산업,006305.KS
일동제약,006306.KS
대원제약,006307.KS
백산,006308.KS
한국자산신탁,006309.KS
자화전자,006310.KS
예스코홀딩스,006311.KS
아세아제지,006312.KS
신성통상,006313.KS
수산인더스트리,006314.KS
삼화콘덴서,006315.KS
유나이티드제약,006316.KS
롯데이노베이트,006317.KS
대동,006318.KS
국도화학,006319.KS
현대코퍼레이션,006320.KS
코리아써키트,006321.KS
송원산업,006322.KS
농심홀딩스,006323.KS
엘브이엠씨홀딩스,006324.KS
광동제약,006325.KS
모토닉,006326.KS
한국철강,006327.KS
한진,006328.KS
한농화성,006329.KS
HD현대에너지솔루션,006330.KS
LX하우시스,006331.KS
디앤디플랫폼리츠,006332.KS
부국증권,006333.KS
교촌에프앤비,006334.KS
삼화전기,006335.KS
화승인더,006336.KS
삼익THK,006337.KS
KISCO홀딩스,006338.KS
DB,006339.KS
한일현대시멘트,006340.KS
에어부산,006341.KS
KG케미칼,006342.KS
삼일제약,006343.KS
신성이엔지,006344.KS
LG생활건강우,006345.KS
아이마켓코리아,006346.KS
이리츠코크렙,006347.KS
제주은행,006348.KS
잇츠한불,006349.KS
케이씨,006350.KS
화신,006351.KS
유진투자증권,006352.KS
넥스틸,006353.KS
CR홀딩스,006354.KS
DB금융투자,006355.KS
한국토지신탁,006356.KS
NH투자증권우,006357.KS
SIMPAC,006358.KS
포스코스틸리온,006359.KS
한화갤러리아,006360.KS
대원전선,006361.KS
삼진제약,006362.KS
서울가스,006363.KS
휴스틸,006364.KS
대덕,006365.KS
신대양제지,006366.KS
대한제당,006367.KS
콜마홀딩스,006368.KS
이연제약,006369.KS
삼영무역,006370.KS
에이프로젠,006371.KS
넥센,006372.KS
동국홀딩스,006373.KS
광주신세계,006374.KS
세방,006375.KS
대원강업,006376.KS
코오롱ENP,006377.KS
KPX홀딩스,006378.KS
TYM,006379.KS
삼양패키징,006380.KS
종근당홀딩스,006381.KS
SK증권,006382.KS
인스코비,006383.KS
도화엔지니어링,006384.KS
JW홀딩스,006385.KS
이지스밸류리츠,006386.KS
삼성SDI우,006387.KS
GS글로벌,006388.KS
대성에너지,006389.KS
한국화장품제조,006390.KS
HDC랩스,006391.KS
대한제분,006392.KS
알루코,006393.KS
스카이라이프,006394.KS
코오롱,006395.KS
HLB글로벌,006396.KS
주성코퍼레이션,006397.KS
일양약품,006398.KS
환인제약,006399.KS
삼부토건,006400.KS
흥국화재,006401.KS
한솔제지,006402.KS
KPX케미칼,006403.KS
조일알미늄,006404.KS
삼영전자,006405.KS
제이에스코퍼레이션,006406.KS
일성아이에스,006407.KS
하이트진로홀딩스,006408.KS
KSS해운,006409.KS
이월드,006410.KS
현대비앤지스틸,006411.KS
디아이씨,006412.KS
동국씨엠,006413.KS
신세계 I&C,006414.KS
현대차증권,006415.KS
오리엔트바이오,006416.KS
서흥,006417.KS
한미글로벌,006418.KS
동성케미컬,006419.KS
신한서부티엔디리츠,006420.KS
코람코더원리츠,006421.KS
동아지질,006422.KS
LG헬로비전,006423.KS
모나용평,006424.KS
에이블씨엔씨,006425.KS
일신방직,006426.KS
콘텐트리중앙,006427.KS
대교,006428.KS
하나제약,006429.KS
노루홀딩스,006430.KS
남선알미늄,006431.KS
성신양회,006432.KS
일진홀딩스,006433.KS
웅진씽크빅,006434.KS
무학,006435.KS
롯데하이마트,006436.KS
삼성전기우,006437.KS
해태제과식품,006438.KS
AJ네트웍스,006439.KS
경농,006440.KS
토니모리,006441.KS
일진다이아,006442.KS
KEC,006443.KS
삼화페인트,006444.KS
CJ제일제당 우,006445.KS
조선내화,006446.KS
동화약품,006447.KS
사조산업,006448.KS
LG우,006449.KS
진양홀딩스,006450.KS
경방,006451.KS
코오롱글로벌,006452.KS
BYC,006453.KS
무림P&P,006454.KS
미원화학,006455.KS
경보제약,006456.KS
경동인베스트,006457.KS
한국공항,006458.KS
한국석유,006459.KS
미원홀딩스,006460.KS
일성건설,006461.KS
일신석재,006462.KS
그린케미칼,006463.KS
JW생명과학,006464.KS
퍼스텍,006465.KS
코오롱모빌리티그룹,006466.KS
제일약품,006467.KS
금호석유우,006468.KS
우진,006469.KS
서연,006470.KS
한국무브넥스,006471.KS
다올투자증권,006472.KS
진원생명과학,006473.KS
대영포장,006474.KS
삼성출판사,006475.KS
삼영,006476.KS
한독,006477.KS
대유플러스,006478.KS
에이프로젠바이오로직스,006479.KS
한세예스24홀딩스,006480.KS
동양,006481.KS
이수화학,006482.KS
강남제비스코,006483.KS
S-Oil우,006484.KS
아주스틸,006485.KS
대동전자,006486.KS
대신증권2우B,006487.KS
현대리바트,006488.KS
미창석유,006489.KS
한국제지,006490.KS
대성산업,006491.KS
노루페인트,006492.KS
한양증권,006493.KS
NH올원리츠,006494.KS
NPC,006495.KS
효성화학,006496.KS
SG글로벌,006497.KS
유니퀘스트,006498.KS
SK디앤디,006499.KS
방림,006500.KS
삼성제약,006501.KS
이구산업,006502.KS
대창단조,006503.KS
이지스레지던스리츠,006504.KS
벽산,006505.KS
유니켐,006506.KS
삼양통상,006507.KS
태경산업,006508.KS
태림포장,006509.KS
유수홀딩스,006510.KS
대한화섬,006511.KS
사조동아원,006512.KS
신세계건설,006513.KS
한국주철관,006514.KS
신원,006515.KS
신라교역,006516.KS
금호에이치티,006517.KS
한솔테크닉스,006518.KS
태경케미컬,006519.KS
아남전자,006520.KS
신흥,006521.KS
자이에스앤디,006522.KS
선진,006523.KS
효성ITX,006524.KS
STX,006525.KS
디와이파워,006526.KS
CJ우,006527.KS
삼성물산우B,006528.KS
티와이홀딩스,006529.KS
아시아나IDT,006530.KS
페이퍼코리아,006531.KS
AK홀딩스,006532.KS
수산중공업,006533.KS
에스엠벡셀,006534.KS
디씨엠,006535.KS
태경비케이,006536.KS
진양산업,006537.KS
덕성,006538.KS
아모레G3우(전환),006539.KS
유한양행우,006540.KS
KH 필룩스,006541.KS
키다리스튜디오,006542.KS
두산2우B,006543.KS
대창,006544.KS
유화증권,006545.KS
신세계푸드,006546.KS
경인양행,006547.KS
진흥기업,006548.KS
극동유화,006549.KS
KIB플러그에너지,006550.KS
조선선재,006551.KS
KTcs,006552.KS
샘표식품,006553.KS
금강공업,006554.KS
태양금속,006555.KS
HS애드,006556.KS
샘표,006557.KS
SJG세종,006558.KS
계룡건설,006559.KS
HS효성,006560.KS
동남합성,006561.KS
제일파마홀딩스,006562.KS
휴니드,006563.KS
KCTC,006564.KS
청호ICT,006565.KS
종근당바이오,006566.KS
삼익악기,006567.KS
세아특수강,006568.KS
CJ씨푸드,006569.KS
HDC현대EP,006570.KS
동일고무벨트,006571.KS
대성홀딩스,006572.KS
현대약품,006573.KS
한신기계,006574.KS
삼성공조,006575.KS
한국수출포장,006576.KS
모나리자,006577.KS
디와이,006578.KS
광전자,006579.KS
한국화장품,006580.KS
동인기연,006581.KS
인천도시가스,006582.KS
국제약품,006583.KS
미래에셋글로벌리츠,006584.KS
우신시스템,006585.KS
신일전자,006586.KS
동양철관,006587.KS
경동도시가스,006588.KS
동방,006589.KS
대현,006590.KS
한진중공업홀딩스,006591.KS
한국특강,006592.KS
동성제약,006593.KS
진양화학,006594.KS
한솔홀딩스,006595.KS
크라운제과,006596.KS
금호건설,006597.KS
SK이노베이션우,006598.KS
NI스틸,006599.KS
조흥,006600.KS
동일산업,006601.KS
인지컨트롤스,006602.KS
한컴라이프케어,006603.KS
유니온머티리얼,006604.KS
현대코퍼레이션홀딩스,006605.KS
와이투솔루션,006606.KS
HS화성,006607.KS
KTis,006608.KS
제일연마,006609.KS
유니온,006610.KS
에이플러스에셋,006611.KS
삼원강재,006612.KS
동원금속,006613.KS
신영와코루,006614.KS
사조씨푸드,006615.KS
만호제강,006616.KS
대호에이엘,006617.KS
덕양산업,006618.KS
두올,006619.KS
성창기업지주,006620.KS
휴비스,006621.KS
깨끗한나라,006622.KS
성안머티리얼스,006623.KS
DRB동일,006624.KS
한국내화,006625.KS
범양건영,006626.KS
무림페이퍼,006627.KS
황금에스티,006628.KS
신송홀딩스,006629.KS
CS홀딩스,006630.KS
코스맥스비티아이,006631.KS
HL D&I,006632.KS
남양유업우,006633.KS
세이브존I&C,006634.KS
NH프라임리츠,006635.KS
팜스코,006636.KS
텔코웨어,006637.KS
동방아그로,006638.KS
사조오양,006639.KS
영보화학,006640.KS
크라운해태홀딩스,006641.KS
티웨이홀딩스,006642.KS
화승코퍼레이션,006643.KS
써니전자,006644.KS
팜젠사이언스,006645.KS
부산산업,006646.KS
세원정공,006647.KS
동부건설,006648.KS
남광토건,006649.KS
대구백화점,006650.KS
까뮤이앤씨,006651.KS
유유제약,006652.KS
한솔홈데코,006653.KS
형지엘리트,006654.KS
일동홀딩스,006655.KS
조광페인트,006656.KS
한신공영,006657.KS
삼호개발,006658.KS
진양폴리,006659.KS
평화홀딩스,006660.KS
TP,006661.KS
신한글로벌액티브리츠,006662.KS
고려산업,006663.KS
웅진,006664.KS
호전실업,006665.KS
인터지스,006666.KS
인바이오젠,006667.KS
엔케이,006668.KS
테이팩스,006669.KS
GS우,006670.KS
쌍방울,006671.KS
지엠비코리아,006672.KS
기신정기,006673.KS
평화산업,006674.KS
이엔플러스,006675.KS
유엔젤,006676.KS
SK우,006677.KS
콤텍시스템,006678.KS
화천기계,006679.KS
혜인,006680.KS
세원이앤씨,006681.KS
광명전기,006682.KS
삼화왕관,006683.KS
화천기공,006684.KS
SG세계물산,006685.KS
대림B&Co,006686.KS
STX그린로지스,006687.KS
부국증권우,006688.KS
보락,006689.KS
새론오토모티브,006690.KS
보해양조,006691.KS
미래에셋증권우,006692.KS
IHQ,006693.KS
DSR,006694.KS
삼정펄프,006695.KS
두산퓨얼셀1우,006696.KS
비상교육,006697.KS
상신브레이크,006698.KS
한솔로지스틱스,006699.KS
미래에셋맵스리츠,006700.KS
동양피스톤,006701.KS
하이스틸,006702.KS
서원,006703.KS
한국종합기술,006704.KS
인디에프,006705.KS
대양금속,006706.KS
이건산업,006707.KS
금비,006708.KS
인팩,006709.KS
다스코,006710.KS
엑시큐어하이트론,006711.KS
아모레G우,006712.KS
삼일씨엔에스,006713.KS
이스타코,006714.KS
영풍제지,006715.KS
화승알앤에이,006716.KS
명문제약,006717.KS
조비,006718.KS
천일고속,006719.KS
티에이치엔,006720.KS
갤럭시아에스엠,006721.KS
플레이그램,006722.KS
SH에너지화학,006723.KS
마니커,006724.KS
코오롱인더우,006725.KS
현대건설우,006726.KS
케이비아이동국실업,006727.KS
메타케어,006728.KS
선도전기,006729.KS
서울식품,006730.KS
씨아이테크,006731.KS
DSR제강,006732.KS
한일철강,006733.KS
삼화전자,006734.KS
DL이앤씨2우(전환),006735.KS
롯데칠성우,006736.KS
아진전자부품,006737.KS
씨티알모빌리티,006738.KS
부국철강,006739.KS
윌비스,006740.KS
문배철강,006741.KS
웰바이오텍,006742.KS
성보화학,006743.KS
시디즈,006744.KS
유성기업,006745.KS
미래산업,006746.KS
한화솔루션우,006747.KS
에쓰씨엔지니어링,006748.KS
대유에이텍,006749.KS
마스턴프리미어리츠,006750.KS
케이탑리츠,006751.KS
일진디스플,006752.KS
상상인증권,006753.KS
SJM홀딩스,006754.KS
우성,006755.KS
금호전기,006756.KS
SJM,006757.KS
SK케미칼우,006758.KS
영화금속,006759.KS
SK디스커버리우,006760.KS
한익스프레스,006761.KS
한창제지,006762.KS
계양전기,006763.KS
핸즈코퍼레이션,006764.KS
신풍,006765.KS
영흥,006766.KS
체시스,006767.KS
유니드비티플러스,006768.KS
대원화성,006769.KS
우진플라임,006770.KS
모나미,006771.KS
다이나믹디자인,006772.KS
남성,006773.KS
세우글로벌,006774.KS
부산주공,006775.KS
대림통상,006776.KS
MH에탄올,006777.KS
유안타증권우,006778.KS
유화증권우,006779.KS
솔루스첨단소재1우,006780.KS
한세엠케이,006781.KS
화인베스틸,006782.KS
한국전자홀딩스,006783.KS
DL이앤씨우,006784.KS
SUN&L,006785.KS
온타이드,006786.KS
메타랩스,006787.KS
국보,006788.KS
KC코트렐,006789.KS
DL우,006790.KS
원림,006791.KS
에넥스,006792.KS
신풍제약우,006793.KS
전방,006794.KS
한화투자증권우,006795.KS
이화산업,006796.KS
한성기업,006797.KS
경인전자,006798.KS
참엔지니어링,006799.KS
코아스,006800.KS
세방우,006801.KS
세기상사,006802.KS
WISCOM,006803.KS
대한방직,006804.KS
BYC우,006805.KS
성문전자,006806.KS
KR모터스,006807.KS
태원물산,006808.KS
호텔신라우,006809.KS
동일제강,006810.KS
한솔PNS,006811.KS
주연테크,006812.KS
대한항공우,006813.KS
대교우B,006814.KS
비비안,006815.KS
미래아이앤지,006816.KS
아센디오,006817.KS
대상우,006818.KS
우진아이엔에스,006819.KS
동원수산,006820.KS
두산퓨얼셀2우B,006821.KS
한창,006822.KS
에이엔피,006823.KS
TBH글로벌,006824.KS
진도,006825.KS
대상홀딩스우,006826.KS
롯데지주우,006827.KS
KC그린홀딩스,006828.KS
한국ANKOR유전,006829.KS
동양고속,006830.KS
한국주강,006831.KS
LX하우시스우,006832.KS
녹십자홀딩스2우,006833.KS
덕성우,006834.KS
삼양홀딩스우,006835.KS
넥센타이어1우B,006836.KS
제이준코스메틱,006837.KS
코리아써우,006838.KS
SHD,006839.KS
대덕전자1우,006840.KS
하이트진로2우B,006841.KS
태양금속우,006842.KS
솔루스첨단소재2우B,006843.KS
스타에스엠리츠,006844.KS
대한제당우,006845.KS
에이리츠,006846.KS
코오롱우,006847.KS
한진칼우,006848.KS
일정실업,006849.KS
NPC우,006850.KS
JW중외제약2우B,006851.KS
LX홀딩스1우,006852.KS
대원전선우,006853.KS
코오롱글로벌우,006854.KS
유유제약1우,006855.KS
삼양사우,006856.KS
넥센우,006857.KS
코오롱모빌리티그룹우,006858.KS
JW중외제약우,006859.KS
대덕1우,006860.KS
한국패러랠,006861.KS
한화우,006862.KS
성신양회우,006863.KS
크라운제과우,006864.KS
노루홀딩스우,006865.KS
한화갤러리아우,006866.KS
SK증권우,006867.KS
한양증권우,006868.KS
노루페인트우,006869.KS
일양약품우,006870.KS
티와이홀딩스우,006871.KS
동원시스템즈우,006872.KS
하이트진로홀딩스우,006873.KS
남선알미우,006874.KS
크라운해태홀딩스우,006875.KS
계양전기우,006876.KS
동부건설우,006877.KS
깨끗한나라우,006878.KS
코리아써키트2우B,006879.KS
금호건설우,006880.KS
흥국화재우,006881.KS
금강공업우,006882.KS
CJ씨푸드1우,006883.KS
유유제약2우B,006884.KS
진흥기업2우B,006885.KS
태영건설우,006886.KS
성문전자우,006887.KS
진흥기업우B,006888.KS
서울식품우,006889.KS
동양2우B,006890.KS
동양우,006891.KS
